TIME, VALUE
2023-01-15 18:15:07.181000,4.012119872
2023-01-15 18:16:07.183,4.01225205
2023-01-15 18:17:07.181,4.012419049
2023-01-15 18:18:07.181,4.012610993
2023-01-15 18:19:07.181,4.012727528
2023-01-15 18:20:07.181,4.012888798
2023-01-15 18:21:07.181,4.012997292
2023-01-15 18:22:07.181,4.013122123
2023-01-15 18:23:07.181,4.013317209
2023-01-15 18:24:07.181,4.013497856
2023-01-15 18:25:07.181,4.013651279
2023-01-15 18:26:07.181,4.01377125
2023-01-15 18:27:07.181,4.013900012
2023-01-15 18:28:07.181,4.014079217
2023-01-15 18:29:07.181,4.014216835
2023-01-15 18:30:07.181,4.014614587
2023-01-15 18:31:07.181,4.014730299
2023-01-15 18:32:07.181,4.014872463
2023-01-15 18:33:07.181,4.01504453
2023-01-15 18:34:07.181,4.015204798
2023-01-15 18:35:07.181,4.01533984
2023-01-15 18:36:07.181,4.015524126
2023-01-15 18:37:07.181,4.015639114
2023-01-15 18:38:07.181,4.015746433
2023-01-15 18:39:07.181,4.015871733
2023-01-15 18:40:07.181,4.016021039
2023-01-15 18:41:07.181,4.016160742
2023-01-15 18:42:07.181,4.016317144
2023-01-15 18:43:07.181,4.016467454
2023-01-15 18:44:07.181,4.016634359
2023-01-15 18:45:07.181,4.016793847
2023-01-15 18:46:07.181,4.016913083
2023-01-15 18:47:07.234,4.017048042
2023-01-15 18:48:07.181,4.017133375
2023-01-15 18:49:07.181,4.017266142
2023-01-15 18:50:07.181,4.017382299
2023-01-15 18:51:07.181,4.017529266
2023-01-15 18:52:07.181,4.017690372
2023-01-15 18:53:07.181,4.017797593
2023-01-15 18:54:07.181,4.017923975
2023-01-15 18:55:07.181,4.018090522
2023-01-15 18:56:07.181,4.018242362
2023-01-15 18:57:07.181,4.01838481
2023-01-15 18:58:07.181,4.018531997
2023-01-15 18:59:07.181,4.018646121
2023-01-15 19:00:07.181,4.018759086
2023-01-15 19:01:07.181,4.018929393
2023-01-15 19:02:07.181,4.019094185
2023-01-15 19:03:07.181,4.01919777
2023-01-15 19:04:07.181,4.019318286
2023-01-15 19:05:07.181,4.019408822
2023-01-15 19:06:07.181,4.019569511
2023-01-15 19:07:07.181,4.019686623
2023-01-15 19:08:07.181,4.019806617
2023-01-15 19:09:07.181,4.019909493
2023-01-15 19:10:07.181,4.020013454
2023-01-15 19:11:07.181,4.020112836
2023-01-15 19:12:07.181,4.020291044
2023-01-15 19:13:07.181,4.020444633
2023-01-15 19:14:07.181,4.020604146
2023-01-15 19:15:07.181,4.020730046
2023-01-15 19:16:07.181,4.020870467
2023-01-15 19:17:07.181,4.02101123
2023-01-15 19:18:07.181,4.021160356
2023-01-15 19:19:07.181,4.021291814
2023-01-15 19:20:07.181,4.021481005
2023-01-15 19:21:07.181,4.021608834
2023-01-15 19:22:07.181,4.021723484
2023-01-15 19:23:07.181,4.021914144
2023-01-15 19:24:07.181,4.022035912
2023-01-15 19:25:07.181,4.022159059
2023-01-15 19:26:07.181,4.022300843
2023-01-15 19:27:07.181,4.022465206
2023-01-15 19:28:07.181,4.022627267
2023-01-15 19:29:07.181,4.022749241
2023-01-15 19:30:07.181,4.022864463
2023-01-15 19:31:07.181,4.022994137
2023-01-15 19:32:07.181,4.023107906
2023-01-15 19:33:07.181,4.023284015
2023-01-15 19:34:07.181,4.023414791
2023-01-15 19:35:07.181,4.023600695
2023-01-15 19:36:07.181,4.023704358
2023-01-15 19:37:07.181,4.02381803
2023-01-15 19:38:07.181,4.023918157
2023-01-15 19:39:07.181,4.024042147
2023-01-15 19:40:07.181,4.024195401
2023-01-15 19:41:07.181,4.024298762
2023-01-15 19:42:07.181,4.024448413
2023-01-15 19:43:07.181,4.024604862
2023-01-15 19:44:07.181,4.024723486
2023-01-15 19:45:07.186,4.024826663
2023-01-15 19:46:07.181,4.024986858
2023-01-15 19:47:07.181,4.025076316
2023-01-15 19:48:07.181,4.025200101
2023-01-15 19:49:07.181,4.025352433
2023-01-15 19:50:07.181,4.025462599
2023-01-15 19:51:07.181,4.025572482
2023-01-15 19:52:07.181,4.025696306
2023-01-15 19:53:07.181,4.025918164
2023-01-15 19:54:07.181,4.026095702
2023-01-15 19:55:07.181,4.0262449
2023-01-15 19:56:07.181,4.026389251
2023-01-15 19:57:07.181,4.026583573
2023-01-15 19:58:07.181,4.026720891
2023-01-15 19:59:07.181,4.026832926
2023-01-15 20:00:07.181,4.026992876
2023-01-15 20:01:07.184,4.027135209
2023-01-15 20:02:07.181,4.0272765
2023-01-15 20:03:07.181,4.027437841
2023-01-15 20:04:07.181,4.027538906
2023-01-15 20:05:07.181,4.027661191
2023-01-15 20:06:07.181,4.027802743
2023-01-15 20:07:07.181,4.027941234
2023-01-15 20:08:07.181,4.028080207
2023-01-15 20:09:07.181,4.028201869
2023-01-15 20:10:07.181,4.028348098
2023-01-15 20:11:07.181,4.028486103
2023-01-15 20:12:07.181,4.028584493
2023-01-15 20:13:07.181,4.028742956
2023-01-15 20:14:07.183,4.028862627
2023-01-15 20:15:07.181,4.029045281
2023-01-15 20:16:07.181,4.029137155
2023-01-15 20:17:07.181,4.029258416
2023-01-15 20:18:07.181,4.02937982
2023-01-15 20:19:07.181,4.029585769
2023-01-15 20:20:07.181,4.02974475
2023-01-15 20:21:07.181,4.029827767
2023-01-15 20:22:07.181,4.029966831
2023-01-15 20:23:07.181,4.030216445
2023-01-15 20:24:07.181,4.030355836
2023-01-15 20:25:07.181,4.030607027
2023-01-15 20:26:07.181,4.030760638
2023-01-15 20:27:07.181,4.030945531
2023-01-15 20:28:07.181,4.031193564
2023-01-15 20:29:07.181,4.031338703
2023-01-15 20:30:07.181,4.031456467
2023-01-15 20:31:07.183,4.031563169
2023-01-15 20:32:07.181,4.031720093
2023-01-15 20:33:07.181,4.031959175
2023-01-15 20:34:07.181,4.032065492
2023-01-15 20:35:07.181,4.032161569
2023-01-15 20:36:07.181,4.032302136
2023-01-15 20:37:07.181,4.032407914
2023-01-15 20:38:07.181,4.032630762
2023-01-15 20:39:07.181,4.032742218
2023-01-15 20:40:07.181,4.032852246
2023-01-15 20:41:07.181,4.033026682
2023-01-15 20:42:07.181,4.033149393
2023-01-15 20:43:07.181,4.033273032
2023-01-15 20:44:07.181,4.033389204
2023-01-15 20:45:07.181,4.033525818
2023-01-15 20:46:07.181,4.033632813
2023-01-15 20:47:07.181,4.033745265
2023-01-15 20:48:07.186,4.033886729
2023-01-15 20:49:07.183,4.033977774
2023-01-15 20:50:07.181,4.073886427
2023-01-15 20:51:07.181,4.074065929
2023-01-15 20:52:07.181,4.074201455
2023-01-15 20:53:07.181,4.074425072
2023-01-15 20:54:07.181,4.074565528
2023-01-15 20:55:07.181,4.074767786
2023-01-15 20:56:07.181,4.074917182
2023-01-15 20:57:07.181,4.075057411
2023-01-15 20:58:07.181,4.075198894
2023-01-15 20:59:07.181,4.075409486
2023-01-15 21:00:07.181,4.075544416
2023-01-15 21:01:07.181,4.075711166
2023-01-15 21:02:07.181,4.075917642
2023-01-15 21:03:07.181,4.076032672
2023-01-15 21:04:07.181,4.076176114
2023-01-15 21:05:07.181,4.076311173
2023-01-15 21:06:07.181,4.07649694
2023-01-15 21:07:07.181,4.076625749
2023-01-15 21:08:07.181,4.076745216
2023-01-15 21:09:07.181,4.076880516
2023-01-15 21:10:07.181,4.077031678
2023-01-15 21:11:07.181,4.077141123
2023-01-15 21:12:07.181,4.077380469
2023-01-15 21:13:07.181,4.077528438
2023-01-15 21:14:07.181,4.077683942
2023-01-15 21:15:07.181,4.077838919
2023-01-15 21:16:07.181,4.077979517
2023-01-15 21:17:07.181,4.078098554
2023-01-15 21:18:07.181,4.078245069
2023-01-15 21:19:07.181,4.078362944
2023-01-15 21:20:07.181,4.078517607
2023-01-15 21:21:07.181,4.078652743
2023-01-15 21:22:07.181,4.078757609
2023-01-15 21:23:07.181,4.078849318
2023-01-15 21:24:07.183,4.079044146
2023-01-15 21:25:07.181,4.079152052
2023-01-15 21:26:07.181,4.079257432
2023-01-15 21:27:07.181,4.079386871
2023-01-15 21:28:07.183,4.079474496
2023-01-15 21:29:07.181,4.079597648
2023-01-15 21:30:07.181,4.079704537
2023-01-15 21:31:07.181,4.07984672
2023-01-15 21:32:07.181,4.079937209
2023-01-15 21:33:07.181,4.080063571
2023-01-15 21:34:07.181,4.080198496
2023-01-15 21:35:07.181,4.080328132
2023-01-15 21:36:07.181,4.080457198
2023-01-15 21:37:07.181,4.080555293
2023-01-15 21:38:07.181,4.080665681
2023-01-15 21:39:07.181,4.080798315
2023-01-15 21:40:07.181,4.080910118
2023-01-15 21:41:07.181,4.0810471
2023-01-15 21:42:07.181,4.081252979
2023-01-15 21:43:07.181,4.081385003
2023-01-15 21:44:07.181,4.081564218
2023-01-15 21:45:07.181,4.081682248
2023-01-15 21:46:07.181,4.081798991
2023-01-15 21:47:07.181,4.081926108
2023-01-15 21:48:07.181,4.082079608
2023-01-15 21:49:07.181,4.082212885
2023-01-15 21:50:07.181,4.082369361
2023-01-15 21:51:07.181,4.082493078
2023-01-15 21:52:07.181,4.082591675
2023-01-15 21:53:07.181,4.082735559
2023-01-15 21:54:07.181,4.082894062
2023-01-15 21:55:07.181,4.083011187
2023-01-15 21:56:07.181,4.08311935
2023-01-15 21:57:07.181,4.083317452
2023-01-15 21:58:07.181,4.083414683
2023-01-15 21:59:07.181,4.083524935
2023-01-15 22:00:07.181,4.083658546
2023-01-15 22:01:07.181,4.083766715
2023-01-15 22:02:07.181,4.083909855
2023-01-15 22:03:07.181,4.084081427
2023-01-15 22:04:07.181,4.084323949
2023-01-15 22:05:07.181,4.084440027
2023-01-15 22:06:07.181,4.084584434
2023-01-15 22:07:07.181,4.084703447
2023-01-15 22:08:07.181,4.084813714
2023-01-15 22:09:07.181,4.084917335
2023-01-15 22:10:07.181,4.085021558
2023-01-15 22:11:07.181,4.085134281
2023-01-15 22:12:07.181,4.085271728
2023-01-15 22:13:07.181,4.085365069
2023-01-15 22:14:07.181,4.08549349
2023-01-15 22:15:07.181,4.085621865
2023-01-15 22:16:07.181,4.085739537
2023-01-15 22:17:07.181,4.085892496
2023-01-15 22:18:07.181,4.086085036
2023-01-15 22:19:07.181,4.08619498
2023-01-15 22:20:07.181,4.086304338
2023-01-15 22:21:07.181,4.08644466
2023-01-15 22:22:07.181,4.086563171
2023-01-15 22:23:07.181,4.086670557
2023-01-15 22:24:07.181,4.086793801
2023-01-15 22:25:07.181,4.08692015
2023-01-15 22:26:07.181,4.087117435
2023-01-15 22:27:07.181,4.087220643
2023-01-15 22:28:07.181,4.087346127
2023-01-15 22:29:07.181,4.087478723
2023-01-15 22:30:07.181,4.087592467
2023-01-15 22:31:07.181,4.087707453
2023-01-15 22:32:07.181,4.087826577
2023-01-15 22:33:07.181,4.087961113
2023-01-15 22:34:07.181,4.088127379
2023-01-15 22:35:07.181,4.088265449
2023-01-15 22:36:07.181,4.08839173
2023-01-15 22:37:07.181,4.08856347
2023-01-15 22:38:07.181,4.088683268
2023-01-15 22:39:07.181,4.101623628
2023-01-15 22:40:07.181,4.101781231
2023-01-15 22:41:07.181,4.101968963
2023-01-15 22:42:07.181,4.102088504
2023-01-15 22:43:07.181,4.102368928
2023-01-15 22:44:07.181,4.102493453
2023-01-15 22:45:07.181,4.102604536
2023-01-15 22:46:07.181,4.10271332
2023-01-15 22:47:07.181,4.102844315
2023-01-15 22:48:07.181,4.1029947
2023-01-15 22:49:07.181,4.103131993
2023-01-15 22:50:07.181,4.10329027
2023-01-15 22:51:07.181,4.103437318
2023-01-15 22:52:07.181,4.103555562
2023-01-15 22:53:07.181,4.103653096
2023-01-15 22:54:07.181,4.103879398
2023-01-15 22:55:07.181,4.104063939
2023-01-15 22:56:07.181,4.104164856
2023-01-15 22:57:07.181,4.104286742
2023-01-15 22:58:07.181,4.104417313
2023-01-15 22:59:07.181,4.104536906
2023-01-15 23:00:07.183,4.104634941
2023-01-15 23:01:07.183,4.104732958
2023-01-15 23:02:07.181,4.104835204
2023-01-15 23:03:07.181,4.104971226
2023-01-15 23:04:07.181,4.105066356
2023-01-15 23:05:07.181,4.105219131
2023-01-15 23:06:07.181,4.105364135
2023-01-15 23:07:07.181,4.105545324
2023-01-15 23:08:07.183,4.105686709
2023-01-15 23:09:07.181,4.105854142
2023-01-15 23:10:07.181,4.106000489
2023-01-15 23:11:07.181,4.106189108
2023-01-15 23:12:07.181,4.106323359
2023-01-15 23:13:07.181,4.106480714
2023-01-15 23:14:07.181,4.106648749
2023-01-15 23:15:07.181,4.106893958
2023-01-15 23:16:07.181,4.107098273
2023-01-15 23:17:07.181,4.10727211
2023-01-15 23:18:07.181,4.107495987
2023-01-15 23:19:07.181,4.107594086
2023-01-15 23:20:07.181,4.107727256
2023-01-15 23:21:07.186,4.107864367
2023-01-15 23:22:07.183,4.107989646
2023-01-15 23:23:07.181,4.108110345
2023-01-15 23:24:07.181,4.108258285
2023-01-15 23:25:07.181,4.108360245
2023-01-15 23:26:07.181,4.108492906
2023-01-15 23:27:07.181,4.108608342
2023-01-15 23:28:07.181,4.108733189
2023-01-15 23:29:07.181,4.108872063
2023-01-15 23:30:07.181,4.108969308
2023-01-15 23:31:07.181,4.109088719
2023-01-15 23:32:07.181,4.109213965
2023-01-15 23:33:07.181,4.10940759
2023-01-15 23:34:07.181,4.109564918
2023-01-15 23:35:07.181,4.109684013
2023-01-15 23:36:07.181,4.10981253
2023-01-15 23:37:07.181,4.109965924
2023-01-15 23:38:07.181,4.110095977
2023-01-15 23:39:07.181,4.110338125
2023-01-15 23:40:07.181,4.110518363
2023-01-15 23:41:07.181,4.110663547
2023-01-15 23:42:07.181,4.110823738
2023-01-15 23:43:07.181,4.110942618
2023-01-15 23:44:07.181,4.111054419
2023-01-15 23:45:07.181,4.111165944
2023-01-15 23:46:07.181,4.111350397
2023-01-15 23:47:07.181,4.111472172
2023-01-15 23:48:07.181,4.111606869
2023-01-15 23:49:07.181,4.111760751
2023-01-15 23:50:07.181,4.111874952
2023-01-15 23:51:07.181,4.111975478
2023-01-15 23:52:07.181,4.112153247
2023-01-15 23:53:07.181,4.112287823
2023-01-15 23:54:07.181,4.112438252
2023-01-15 23:55:07.181,4.112571774
2023-01-15 23:56:07.181,4.112730633
2023-01-15 23:57:07.181,4.112844377
2023-01-15 23:58:07.181,4.112961009
2023-01-15 23:59:07.181,4.113110253
2023-01-16 00:00:07.181,4.113265187
2023-01-16 00:01:07.181,4.113402435
2023-01-16 00:02:07.181,4.113521859
2023-01-16 00:03:07.181,4.113628495
2023-01-16 00:04:07.181,4.113882956
2023-01-16 00:05:07.181,4.114049805
2023-01-16 00:06:07.181,4.114182093
2023-01-16 00:07:07.181,4.141194517
2023-01-16 00:08:07.181,4.141376186
2023-01-16 00:09:07.181,4.141487108
2023-01-16 00:10:07.181,4.141584519
2023-01-16 00:11:07.181,4.141720548
2023-01-16 00:12:07.181,4.141855041
2023-01-16 00:13:07.181,4.141994023
2023-01-16 00:14:07.181,4.142136667
2023-01-16 00:15:07.181,4.142247993
2023-01-16 00:16:07.183,4.142400593
2023-01-16 00:17:07.181,4.142522896
2023-01-16 00:18:07.181,4.14270293
2023-01-16 00:19:07.181,4.142819176
2023-01-16 00:20:07.181,4.142919677
2023-01-16 00:21:07.181,4.143042136
2023-01-16 00:22:07.181,4.14323766
2023-01-16 00:23:07.181,4.143359385
2023-01-16 00:24:07.181,4.143471456
2023-01-16 00:25:07.181,4.143607743
2023-01-16 00:26:07.181,4.143782827
2023-01-16 00:27:07.181,4.143885455
2023-01-16 00:28:07.181,4.144013254
2023-01-16 00:29:07.181,4.144167119
2023-01-16 00:30:07.181,4.144302204
2023-01-16 00:31:07.181,4.144420148
2023-01-16 00:32:07.181,4.144522166
2023-01-16 00:33:07.181,4.144663981
2023-01-16 00:34:07.181,4.144839124
2023-01-16 00:35:07.181,4.144999007
2023-01-16 00:36:07.181,4.145163881
2023-01-16 00:37:07.181,4.14528638
2023-01-16 00:38:07.181,4.145382112
2023-01-16 00:39:07.181,4.145527614
2023-01-16 00:40:07.181,4.145609695
2023-01-16 00:41:07.181,4.145730964
2023-01-16 00:42:07.181,4.145830801
2023-01-16 00:43:07.181,4.145942104
2023-01-16 00:44:07.181,4.146111375
2023-01-16 00:45:07.181,4.146275037
2023-01-16 00:46:07.181,4.146411492
2023-01-16 00:47:07.181,4.146565149
2023-01-16 00:48:07.181,4.146755843
2023-01-16 00:49:07.181,4.14686846
2023-01-16 00:50:07.181,4.146993537
2023-01-16 00:51:07.181,4.147121857
2023-01-16 00:52:07.181,4.147230025
2023-01-16 00:53:07.183,4.147335521
2023-01-16 00:54:07.181,4.147445048
2023-01-16 00:55:07.181,4.147567667
2023-01-16 00:56:07.181,4.147732945
2023-01-16 00:57:07.181,4.147866526
2023-01-16 00:58:07.181,4.147997774
2023-01-16 00:59:07.181,4.14809858
2023-01-16 01:00:07.181,4.148223452
2023-01-16 01:01:07.181,4.148330796
2023-01-16 01:02:07.181,4.148463666
2023-01-16 01:03:07.181,4.14855825
2023-01-16 01:04:07.181,4.148668458
2023-01-16 01:05:07.181,4.148785357
2023-01-16 01:06:07.181,4.148894095
2023-01-16 01:07:07.181,4.149126642
2023-01-16 01:08:07.181,4.149213046
2023-01-16 01:09:07.181,4.149392915
2023-01-16 01:10:07.181,4.149492676
2023-01-16 01:11:07.181,4.149629633
2023-01-16 01:12:07.181,4.149720024
2023-01-16 01:13:07.181,4.149825391
2023-01-16 01:14:07.181,4.149961469
2023-01-16 01:15:07.181,4.150057792
2023-01-16 01:16:07.181,4.150186174
2023-01-16 01:17:07.181,4.150286446
2023-01-16 01:18:07.183,4.150433717
2023-01-16 01:19:07.181,4.150587711
2023-01-16 01:20:07.181,4.150712097
2023-01-16 01:21:07.181,4.150827366
2023-01-16 01:22:07.181,4.15095042
2023-01-16 01:23:07.183,4.151076391
2023-01-16 01:24:07.181,4.151241088
2023-01-16 01:25:07.186,4.151373498
2023-01-16 01:26:07.181,4.15149304
2023-01-16 01:27:07.181,4.1516252
2023-01-16 01:28:07.181,4.151761443
2023-01-16 01:29:07.181,4.151930142
2023-01-16 01:30:07.181,4.152033585
2023-01-16 01:31:07.181,4.152178222
2023-01-16 01:32:07.181,4.15229931
2023-01-16 01:33:07.181,4.152438926
2023-01-16 01:34:07.181,4.152559133
2023-01-16 01:35:07.181,4.152694316
2023-01-16 01:36:07.181,4.152822222
2023-01-16 01:37:07.183,4.152952595
2023-01-16 01:38:07.181,4.153077413
2023-01-16 01:39:07.181,4.153233447
2023-01-16 01:40:07.181,4.153390746
2023-01-16 01:41:07.181,4.153589871
2023-01-16 01:42:07.181,4.15376915
2023-01-16 01:43:07.181,4.153898693
2023-01-16 01:44:07.181,4.153987165
2023-01-16 01:45:07.181,4.154096019
2023-01-16 01:46:07.181,4.154262065
2023-01-16 01:47:07.181,4.154432053
2023-01-16 01:48:07.181,4.154627451
2023-01-16 01:49:07.181,4.154758391
2023-01-16 01:50:07.181,4.15487957
2023-01-16 01:51:07.181,4.155005312
2023-01-16 01:52:07.181,4.155127529
2023-01-16 01:53:07.181,4.155250915
2023-01-16 01:54:07.181,4.155373131
2023-01-16 01:55:07.181,4.15547545
2023-01-16 01:56:07.181,4.155623391
2023-01-16 01:57:07.181,4.155714888
2023-01-16 01:58:07.181,4.155829716
2023-01-16 01:59:07.181,4.155961574
2023-01-16 02:00:07.181,4.156096935
2023-01-16 02:01:07.181,4.15623022
2023-01-16 02:02:07.181,4.156343791
2023-01-16 02:03:07.181,4.156450062
2023-01-16 02:04:07.181,4.156578867
2023-01-16 02:05:07.181,4.156727793
2023-01-16 02:06:07.181,4.156903573
2023-01-16 02:07:07.181,4.157056283
2023-01-16 02:08:07.181,4.157235529
2023-01-16 02:09:07.181,4.157380458
2023-01-16 02:10:07.181,4.157485169
2023-01-16 02:11:07.181,4.15761369
2023-01-16 02:12:07.181,4.157762971
2023-01-16 02:13:07.181,4.157916446
2023-01-16 02:14:07.181,4.158052479
2023-01-16 02:15:07.181,4.158156772
2023-01-16 02:16:07.181,4.158359982
2023-01-16 02:17:07.181,4.158465047
2023-01-16 02:18:07.181,4.158664962
2023-01-16 02:19:07.181,4.158779647
2023-01-16 02:20:07.181,4.158895457
2023-01-16 02:21:07.181,4.159055686
2023-01-16 02:22:07.181,4.15918882
2023-01-16 02:23:07.181,4.159356458
2023-01-16 02:24:07.181,4.159637785
2023-01-16 02:25:07.181,4.159744833
2023-01-16 02:26:07.181,4.159879438
2023-01-16 02:27:07.181,4.160009826
2023-01-16 02:28:07.181,4.160159759
2023-01-16 02:29:07.181,4.160327678
2023-01-16 02:30:07.181,4.160476301
2023-01-16 02:31:07.181,4.160600102
2023-01-16 02:32:07.181,4.160743926
2023-01-16 02:33:07.181,4.160909333
2023-01-16 02:34:07.181,4.161046861
2023-01-16 02:35:07.181,4.16119122
2023-01-16 02:36:07.181,4.16137485
2023-01-16 02:37:07.181,4.161554944
2023-01-16 02:38:07.181,4.1617275
2023-01-16 02:39:07.181,4.161954235
2023-01-16 02:40:07.181,4.162086107
2023-01-16 02:41:07.181,4.162248399
2023-01-16 02:42:07.181,4.162418962
2023-01-16 02:43:07.181,4.16257204
2023-01-16 02:44:07.181,4.162723078
2023-01-16 02:45:07.181,4.162864847
2023-01-16 02:46:07.181,4.163005434
2023-01-16 02:47:07.181,4.163110518
2023-01-16 02:48:07.181,4.163236094
2023-01-16 02:49:07.181,4.163391155
2023-01-16 02:50:07.181,4.163540451
2023-01-16 02:51:07.181,4.163708191
2023-01-16 02:52:07.181,4.163849722
2023-01-16 02:53:07.181,4.16398501
2023-01-16 02:54:07.181,4.164155403
2023-01-16 02:55:07.181,4.164267946
2023-01-16 02:56:07.181,4.164359395
2023-01-16 02:57:07.181,4.16449317
2023-01-16 02:58:07.181,4.164604707
2023-01-16 02:59:07.181,4.164725949
2023-01-16 03:00:07.181,4.164873551
2023-01-16 03:01:07.181,4.165054454
2023-01-16 03:02:07.181,4.165174096
2023-01-16 03:03:07.181,4.165294021
2023-01-16 03:04:07.181,4.165432861
2023-01-16 03:05:07.181,4.165612061
2023-01-16 03:06:07.181,4.165728893
2023-01-16 03:07:07.181,4.165855913
2023-01-16 03:08:07.181,4.165978071
2023-01-16 03:09:07.181,4.166094535
2023-01-16 03:10:07.181,4.166210801
2023-01-16 03:11:07.181,4.166330642
2023-01-16 03:12:07.181,4.166434249
2023-01-16 03:13:07.181,4.166586369
2023-01-16 03:14:07.181,4.166726732
2023-01-16 03:15:07.181,4.166862354
2023-01-16 03:16:07.181,4.166974561
2023-01-16 03:17:07.181,4.167138814
2023-01-16 03:18:07.181,4.167309366
2023-01-16 03:19:07.181,4.1674771
2023-01-16 03:20:07.181,4.16760082
2023-01-16 03:21:07.181,4.16770079
2023-01-16 03:22:07.181,4.167814865
2023-01-16 03:23:07.181,4.168003053
2023-01-16 03:24:07.181,4.168130145
2023-01-16 03:25:07.181,4.168322849
2023-01-16 03:26:07.181,4.18947567
2023-01-16 03:27:07.181,4.189598137
2023-01-16 03:28:07.181,4.189746628
2023-01-16 03:29:07.181,4.189980334
2023-01-16 03:30:07.181,4.190128884
2023-01-16 03:31:07.181,4.19027418
2023-01-16 03:32:07.181,4.190386466
2023-01-16 03:33:07.181,4.190524321
2023-01-16 03:34:07.181,4.190645293
2023-01-16 03:35:07.181,4.190787249
2023-01-16 03:36:07.181,4.190954654
2023-01-16 03:37:07.181,4.191149608
2023-01-16 03:38:07.181,4.191266866
2023-01-16 03:39:07.181,4.191413778
2023-01-16 03:40:07.181,4.191554211
2023-01-16 03:41:07.181,4.191675665
2023-01-16 03:42:07.181,4.191817981
2023-01-16 03:43:07.181,4.191956636
2023-01-16 03:44:07.181,4.192082652
2023-01-16 03:45:07.181,4.192215663
2023-01-16 03:46:07.181,4.192324646
2023-01-16 03:47:07.181,4.192610272
2023-01-16 03:48:07.181,4.192854029
2023-01-16 03:49:07.181,4.192963332
2023-01-16 03:50:07.181,4.193050597
2023-01-16 03:51:07.181,4.193166424
2023-01-16 03:52:07.181,4.193271785
2023-01-16 03:53:07.181,4.19339324
2023-01-16 03:54:07.181,4.193525328
2023-01-16 03:55:07.181,4.193664811
2023-01-16 03:56:07.181,4.19378312
2023-01-16 03:57:07.181,4.193917516
2023-01-16 03:58:07.181,4.194190715
2023-01-16 03:59:07.181,4.194327956
2023-01-16 04:00:07.181,4.194438163
2023-01-16 04:01:07.181,4.194580952
2023-01-16 04:02:07.181,4.194716528
2023-01-16 04:03:07.181,4.194857518
2023-01-16 04:04:07.181,4.194976714
2023-01-16 04:05:07.181,4.195094495
2023-01-16 04:06:07.181,4.195335298
2023-01-16 04:07:07.181,4.195491831
2023-01-16 04:08:07.181,4.195605023
2023-01-16 04:09:07.181,4.195729482
2023-01-16 04:10:07.181,4.19586706
2023-01-16 04:11:07.181,4.195988531
2023-01-16 04:12:07.184,4.196095505
2023-01-16 04:13:07.181,4.196189797
2023-01-16 04:14:07.181,4.196355954
2023-01-16 04:15:07.181,4.196468206
2023-01-16 04:16:07.181,4.196607048
2023-01-16 04:17:07.181,4.19674418
2023-01-16 04:18:07.181,4.196883819
2023-01-16 04:19:07.181,4.197041884
2023-01-16 04:20:07.181,4.197157324
2023-01-16 04:21:07.181,4.197304959
2023-01-16 04:22:07.181,4.197442816
2023-01-16 04:23:07.181,4.197611832
2023-01-16 04:24:07.181,4.197749665
2023-01-16 04:25:07.181,4.197859428
2023-01-16 04:26:07.181,4.19798617
2023-01-16 04:27:07.181,4.198141471
2023-01-16 04:28:07.181,4.1983715
2023-01-16 04:29:07.181,4.198530517
2023-01-16 04:30:07.181,4.198691922
2023-01-16 04:31:07.181,4.198805518
2023-01-16 04:32:07.181,4.198937587
2023-01-16 04:33:07.181,4.199049835
2023-01-16 04:34:07.181,4.199176851
2023-01-16 04:35:07.181,4.199360238
2023-01-16 04:36:07.181,4.199490433
2023-01-16 04:37:07.181,4.199668412
2023-01-16 04:38:07.181,4.199814559
2023-01-16 04:39:07.181,4.199983832
2023-01-16 04:40:07.181,4.200115135
2023-01-16 04:41:07.183,4.200277871
2023-01-16 04:42:07.181,4.200419534
2023-01-16 04:43:07.181,4.200527805
2023-01-16 04:44:07.181,4.200654192
2023-01-16 04:45:07.181,4.200784752
2023-01-16 04:46:07.181,4.200912848
2023-01-16 04:47:07.181,4.201044244
2023-01-16 04:48:07.181,4.201183225
2023-01-16 04:49:07.181,4.201311455
2023-01-16 04:50:07.181,4.201468505
2023-01-16 04:51:07.181,4.201579375
2023-01-16 04:52:07.181,4.201735767
2023-01-16 04:53:07.181,4.201849002
2023-01-16 04:54:07.181,4.202007569
2023-01-16 04:55:07.181,4.202143129
2023-01-16 04:56:07.181,4.202283741
2023-01-16 04:57:07.181,4.202451188
2023-01-16 04:58:07.181,4.202627958
2023-01-16 04:59:07.181,4.202743842
2023-01-16 05:00:07.181,4.202857229
2023-01-16 05:01:07.181,4.202974219
2023-01-16 05:02:07.181,4.203115097
2023-01-16 05:03:07.181,4.203219467
2023-01-16 05:04:07.181,4.203346787
2023-01-16 05:05:07.181,4.203529222
2023-01-16 05:06:07.181,4.203689705
2023-01-16 05:07:07.181,4.203802393
2023-01-16 05:08:07.181,4.204088076
2023-01-16 05:09:07.184,4.204184977
2023-01-16 05:10:07.181,4.20433644
2023-01-16 05:11:07.181,4.204443293
2023-01-16 05:12:07.181,4.204577624
2023-01-16 05:13:07.181,4.204689282
2023-01-16 05:14:07.183,4.204821051
2023-01-16 05:15:07.181,4.2049633
2023-01-16 05:16:07.181,4.205101328
2023-01-16 05:17:07.181,4.205253937
2023-01-16 05:18:07.181,4.205416428
2023-01-16 05:19:07.181,4.205515035
2023-01-16 05:20:07.181,4.205622932
2023-01-16 05:21:07.181,4.205721394
2023-01-16 05:22:07.181,4.205821856
2023-01-16 05:23:07.181,4.20598417
2023-01-16 05:24:07.181,4.206128159
2023-01-16 05:25:07.183,4.206323441
2023-01-16 05:26:07.181,4.206474283
2023-01-16 05:27:07.181,4.206647813
2023-01-16 05:28:07.181,4.206879757
2023-01-16 05:29:07.181,4.207025314
2023-01-16 05:30:07.181,4.207147837
2023-01-16 05:31:07.181,4.207288979
2023-01-16 05:32:07.181,4.207409163
2023-01-16 05:33:07.181,4.20753001
2023-01-16 05:34:07.181,4.207673007
2023-01-16 05:35:07.181,4.207767583
2023-01-16 05:36:07.181,4.207931479
2023-01-16 05:37:07.181,4.208210294
2023-01-16 05:38:07.181,4.208309698
2023-01-16 05:39:07.181,4.208438471
2023-01-16 05:40:07.181,4.208535035
2023-01-16 05:41:07.181,4.208657867
2023-01-16 05:42:07.181,4.208761149
2023-01-16 05:43:07.181,4.208887256
2023-01-16 05:44:07.181,4.209057099
2023-01-16 05:45:07.181,4.209159027
2023-01-16 05:46:07.181,4.20928802
2023-01-16 05:47:07.181,4.209436501
2023-01-16 05:48:07.183,4.209598753
2023-01-16 05:49:07.181,4.209719358
2023-01-16 05:50:07.181,4.209806401
2023-01-16 05:51:07.181,4.209966111
2023-01-16 05:52:07.181,4.210112136
2023-01-16 05:53:07.181,4.210236207
2023-01-16 05:54:07.181,4.210381286
2023-01-16 05:55:07.181,4.210501752
2023-01-16 05:56:07.181,4.2106343
2023-01-16 05:57:07.181,4.210772869
2023-01-16 05:58:07.181,4.210901673
2023-01-16 05:59:07.183,4.211033977
2023-01-16 06:00:07.181,4.21114993
2023-01-16 06:01:07.181,4.211309713
2023-01-16 06:02:07.181,4.21143668
2023-01-16 06:03:07.181,4.211537441
2023-01-16 06:04:07.181,4.21173269
2023-01-16 06:05:07.181,4.211834902
2023-01-16 06:06:07.181,4.212032716
2023-01-16 06:07:07.181,4.212179236
2023-01-16 06:08:07.181,4.212327738
2023-01-16 06:09:07.181,4.212424157
2023-01-16 06:10:07.181,4.212590393
2023-01-16 06:11:07.181,4.212727158
2023-01-16 06:12:07.181,4.212818546
2023-01-16 06:13:07.181,4.212928399
2023-01-16 06:14:07.181,4.213057194
2023-01-16 06:15:07.181,4.213181101
2023-01-16 06:16:07.181,4.213299903
2023-01-16 06:17:07.181,4.213465138
2023-01-16 06:18:07.181,4.213587254
2023-01-16 06:19:07.181,4.213703708
2023-01-16 06:20:07.181,4.213847013
2023-01-16 06:21:07.181,4.213965733
2023-01-16 06:22:07.181,4.214111857
2023-01-16 06:23:07.181,4.214271025
2023-01-16 06:24:07.181,4.214368146
2023-01-16 06:25:07.181,4.214478523
2023-01-16 06:26:07.181,4.214582101
2023-01-16 06:27:07.181,4.214681244
2023-01-16 06:28:07.181,4.214843093
2023-01-16 06:29:07.181,4.214945324
2023-01-16 06:30:07.181,4.215058889
2023-01-16 06:31:07.181,4.215170663
2023-01-16 06:32:07.181,4.215299556
2023-01-16 06:33:07.181,4.215436254
2023-01-16 06:34:07.181,4.215613015
2023-01-16 06:35:07.181,4.215804569
2023-01-16 06:36:07.181,4.215961735
2023-01-16 06:37:07.181,4.216145282
2023-01-16 06:38:07.181,4.216303482
2023-01-16 06:39:07.183,4.216391721
2023-01-16 06:40:07.181,4.216543713
2023-01-16 06:41:07.181,4.216645664
2023-01-16 06:42:07.181,4.216772378
2023-01-16 06:43:07.181,4.216874791
2023-01-16 06:44:07.181,4.216987124
2023-01-16 06:45:07.181,4.217098005
2023-01-16 06:46:07.181,4.217258797
2023-01-16 06:47:07.181,4.217429507
2023-01-16 06:48:07.181,4.217580512
2023-01-16 06:49:07.181,4.217767727
2023-01-16 06:50:07.181,4.217900504
2023-01-16 06:51:07.181,4.218076499
2023-01-16 06:52:07.181,4.21820509
2023-01-16 06:53:07.181,4.218316345
2023-01-16 06:54:07.181,4.218413402
2023-01-16 06:55:07.181,4.218522927
2023-01-16 06:56:07.181,4.218686851
2023-01-16 06:57:07.181,4.218801754
2023-01-16 06:58:07.181,4.21890195
2023-01-16 06:59:07.181,4.219065049
2023-01-16 07:00:07.181,4.21920046
2023-01-16 07:01:07.181,4.219393643
2023-01-16 07:02:07.181,4.219504699
2023-01-16 07:03:07.181,4.21965474
2023-01-16 07:04:07.181,4.219804425
2023-01-16 07:05:07.181,4.219958082
2023-01-16 07:06:07.181,4.220160896
2023-01-16 07:07:07.181,4.220291573
2023-01-16 07:08:07.181,4.220393906
2023-01-16 07:09:07.181,4.220544469
2023-01-16 07:10:07.181,4.22067431
2023-01-16 07:11:07.181,4.220781624
2023-01-16 07:12:07.181,4.220901286
2023-01-16 07:13:07.181,4.224048711
2023-01-16 07:14:07.181,4.224275994
2023-01-16 07:15:07.181,4.224403098
2023-01-16 07:16:07.181,4.22456234
2023-01-16 07:17:07.181,4.22469147
2023-01-16 07:18:07.181,4.224866225
2023-01-16 07:19:07.181,4.224999601
2023-01-16 07:20:07.181,4.225147428
2023-01-16 07:21:07.181,4.225340915
2023-01-16 07:22:07.181,4.225494492
2023-01-16 07:23:07.181,4.225662299
2023-01-16 07:24:07.181,4.225862965
2023-01-16 07:25:07.181,4.226050448
2023-01-16 07:26:07.181,4.226180254
2023-01-16 07:27:07.181,4.226316749
2023-01-16 07:28:07.181,4.226450389
2023-01-16 07:29:07.181,4.226559947
2023-01-16 07:30:07.186,4.226663857
2023-01-16 07:31:07.181,4.226785681
2023-01-16 07:32:07.181,4.226915225
2023-01-16 07:33:07.181,4.22709128
2023-01-16 07:34:07.181,4.227280372
2023-01-16 07:35:07.181,4.227445949
2023-01-16 07:36:07.181,4.227584925
2023-01-16 07:37:07.181,4.22767449
2023-01-16 07:38:07.181,4.227779175
2023-01-16 07:39:07.181,4.227914851
2023-01-16 07:40:07.181,4.228068711
2023-01-16 07:41:07.181,4.228272342
2023-01-16 07:42:07.181,4.228402345
2023-01-16 07:43:07.181,4.228574005
2023-01-16 07:44:07.181,4.228700473
2023-01-16 07:45:07.181,4.228845503
2023-01-16 07:46:07.181,4.229096008
2023-01-16 07:47:07.181,4.229195224
2023-01-16 07:48:07.181,4.22934937
2023-01-16 07:49:07.181,4.229459382
2023-01-16 07:50:07.181,4.229620447
2023-01-16 07:51:07.181,4.2297679
2023-01-16 07:52:07.181,4.229860905
2023-01-16 07:53:07.181,4.229995581
2023-01-16 07:54:07.181,4.230125131
2023-01-16 07:55:07.181,4.230264487
2023-01-16 07:56:07.181,4.230377533
2023-01-16 07:57:07.181,4.230483738
2023-01-16 07:58:07.181,4.230651402
2023-01-16 07:59:07.181,4.230764232
2023-01-16 08:00:07.181,4.230897948
2023-01-16 08:01:07.181,4.231055097
2023-01-16 08:02:07.181,4.231229144
2023-01-16 08:03:07.181,4.231420327
2023-01-16 08:04:07.181,4.231546254
2023-01-16 08:05:07.181,4.23167354
2023-01-16 08:06:07.181,4.23189494
2023-01-16 08:07:07.183,4.232005338
2023-01-16 08:08:07.181,4.232203028
2023-01-16 08:09:07.181,4.232349861
2023-01-16 08:10:07.181,4.232572451
2023-01-16 08:11:07.181,4.232787701
2023-01-16 08:12:07.181,4.232977385
2023-01-16 08:13:07.181,4.2331306
2023-01-16 08:14:07.181,4.233272892
2023-01-16 08:15:07.181,4.233416695
2023-01-16 08:16:07.181,4.233533215
2023-01-16 08:17:07.181,4.233709413
2023-01-16 08:18:07.181,4.233888148
2023-01-16 08:19:07.181,4.234014524
2023-01-16 08:20:07.181,4.234236239
2023-01-16 08:21:07.181,4.234352646
2023-01-16 08:22:07.181,4.234464285
2023-01-16 08:23:07.181,4.234602036
2023-01-16 08:24:07.181,4.234746715
2023-01-16 08:25:07.181,4.234869408
2023-01-16 08:26:07.181,4.235104344
2023-01-16 08:27:07.181,4.235234529
2023-01-16 08:28:07.181,4.235400128
2023-01-16 08:29:07.181,4.235552068
2023-01-16 08:30:07.181,4.235664785
2023-01-16 08:31:07.181,4.235845809
2023-01-16 08:32:07.181,4.235950494
2023-01-16 08:33:07.181,4.236056014
2023-01-16 08:34:07.181,4.236197913
2023-01-16 08:35:07.181,4.2363111
2023-01-16 08:36:07.181,4.236426033
2023-01-16 08:37:07.181,4.236530939
2023-01-16 08:38:07.181,4.236640909
2023-01-16 08:39:07.181,4.236754186
2023-01-16 08:40:07.181,4.236876275
2023-01-16 08:41:07.181,4.236960039
2023-01-16 08:42:07.181,4.237052416
2023-01-16 08:43:07.181,4.237188836
2023-01-16 08:44:07.181,4.237294772
2023-01-16 08:45:07.181,4.26225954
2023-01-16 08:46:07.181,4.262380509
2023-01-16 08:47:07.181,4.262519869
2023-01-16 08:48:07.181,4.262663817
2023-01-16 08:49:07.181,4.262833212
2023-01-16 08:50:07.181,4.262996504
2023-01-16 08:51:07.181,4.263107098
2023-01-16 08:52:07.181,4.263215363
2023-01-16 08:53:07.181,4.263327737
2023-01-16 08:54:07.183,4.263515564
2023-01-16 08:55:07.181,4.263599843
2023-01-16 08:56:07.181,4.263716467
2023-01-16 08:57:07.181,4.263866022
2023-01-16 08:58:07.181,4.264017302
2023-01-16 08:59:07.181,4.264143401
2023-01-16 09:00:07.181,4.264264135
2023-01-16 09:01:07.181,4.264429982
2023-01-16 09:02:07.181,4.264608746
2023-01-16 09:03:07.181,4.264742093
2023-01-16 09:04:07.184,4.264882837
2023-01-16 09:05:07.181,4.26504565
2023-01-16 09:06:07.181,4.265191249
2023-01-16 09:07:07.181,4.265322165
2023-01-16 09:08:07.181,4.265437351
2023-01-16 09:10:07.181,4.265724102
2023-01-16 09:11:07.181,4.265867053
2023-01-16 09:12:07.181,4.265996078
2023-01-16 09:13:07.181,4.26611279
2023-01-16 09:14:07.181,4.266286197
2023-01-16 09:15:07.181,4.266468669
2023-01-16 09:16:07.181,4.266630844
2023-01-16 09:17:07.181,4.266819918
2023-01-16 09:18:07.181,4.266961719
2023-01-16 09:19:07.181,4.267116876
2023-01-16 09:20:07.181,4.2673209
2023-01-16 09:21:07.181,4.267470135
2023-01-16 09:22:07.181,4.267599416
2023-01-16 09:23:07.181,4.2677251
2023-01-16 09:24:07.181,4.267821935
2023-01-16 09:25:07.181,4.267974274
2023-01-16 09:26:07.181,4.268148427
2023-01-16 09:27:07.181,4.268292281
2023-01-16 09:28:07.181,4.268426062
2023-01-16 09:29:07.181,4.268560926
2023-01-16 09:30:07.181,4.268660013
2023-01-16 09:31:07.184,4.268833465
2023-01-16 09:32:07.181,4.268998534
2023-01-16 09:33:07.181,4.269149416
2023-01-16 09:34:07.181,4.26933574
2023-01-16 09:35:07.181,4.269479621
2023-01-16 09:36:07.181,4.269611409
2023-01-16 09:37:07.181,4.269741452
2023-01-16 09:38:07.181,4.269878407
2023-01-16 09:39:07.181,4.270031601
2023-01-16 09:40:07.181,4.270178421
2023-01-16 09:41:07.181,4.270314995
2023-01-16 09:42:07.181,4.270461007
2023-01-16 09:43:07.181,4.270613766
2023-01-16 09:44:07.181,4.270730085
2023-01-16 09:45:07.181,4.270907596
2023-01-16 09:46:07.181,4.271010846
2023-01-16 09:47:07.181,4.271146881
2023-01-16 09:48:07.181,4.271256417
2023-01-16 09:49:07.181,4.271368961
2023-01-16 09:50:07.181,4.271517075
2023-01-16 09:51:07.183,4.271680285
2023-01-16 09:52:07.181,4.271852087
2023-01-16 09:53:07.181,4.271982718
2023-01-16 09:54:07.181,4.27213979
2023-01-16 09:55:07.181,4.27233847
2023-01-16 09:56:07.181,4.272435792
2023-01-16 09:57:07.181,4.272576955
2023-01-16 09:58:07.183,4.272762957
2023-01-16 09:59:07.181,4.272908638
2023-01-16 10:00:07.181,4.273010998
2023-01-16 10:01:07.181,4.273170776
2023-01-16 10:02:07.181,4.273323805
2023-01-16 10:03:07.181,4.273451411
2023-01-16 10:04:07.181,4.273587798
2023-01-16 10:05:07.181,4.273755193
2023-01-16 10:06:07.181,4.273991661
2023-01-16 10:07:07.181,4.274126747
2023-01-16 10:08:07.181,4.274232922
2023-01-16 10:09:07.181,4.274355813
2023-01-16 10:10:07.181,4.274508724
2023-01-16 10:11:07.181,4.274614557
2023-01-16 10:12:07.181,4.274747063
2023-01-16 10:13:07.181,4.274855426
2023-01-16 10:14:07.181,4.274965948
2023-01-16 10:15:07.181,4.275082898
2023-01-16 10:16:07.181,4.275236812
2023-01-16 10:17:07.181,4.275397595
2023-01-16 10:18:07.181,4.275540227
2023-01-16 10:19:07.181,4.275645765
2023-01-16 10:20:07.181,4.275787198
2023-01-16 10:21:07.181,4.275881478
2023-01-16 10:22:07.181,4.276013695
2023-01-16 10:23:07.181,4.276120029
2023-01-16 10:24:07.181,4.276220168
2023-01-16 10:25:07.181,4.276347352
2023-01-16 10:26:07.181,4.276466476
2023-01-16 10:27:07.181,4.276606094
2023-01-16 10:28:07.184,4.276759626
2023-01-16 10:29:07.181,4.276897181
2023-01-16 10:30:07.181,4.277007448
2023-01-16 10:31:07.181,4.277150436
2023-01-16 10:32:07.181,4.277240431
2023-01-16 10:33:07.181,4.277405411
2023-01-16 10:34:07.181,4.277525601
2023-01-16 10:35:07.181,4.291445997
2023-01-16 10:36:07.181,4.291648973
2023-01-16 10:37:07.181,4.29180611
2023-01-16 10:38:07.181,4.291986741
2023-01-16 10:39:07.181,4.2921374
2023-01-16 10:40:07.181,4.292245096
2023-01-16 10:41:07.181,4.292377323
2023-01-16 10:42:07.181,4.292512319
2023-01-16 10:43:07.181,4.292681004
2023-01-16 10:44:07.181,4.292810639
2023-01-16 10:45:07.181,4.292897406
2023-01-16 10:46:07.181,4.292986997
2023-01-16 10:47:07.181,4.293115904
2023-01-16 10:48:07.181,4.293229649
2023-01-16 10:49:07.181,4.293367195
2023-01-16 10:50:07.181,4.293498111
2023-01-16 10:51:07.181,4.293672818
2023-01-16 10:52:07.181,4.29380216
2023-01-16 10:53:07.181,4.293948395
2023-01-16 10:54:07.181,4.294040689
2023-01-16 10:55:07.181,4.294230795
2023-01-16 10:56:07.181,4.294337507
2023-01-16 10:57:07.181,4.294468374
2023-01-16 10:58:07.181,4.294559407
2023-01-16 10:59:07.181,4.294723103
2023-01-16 11:00:07.181,4.294819292
2023-01-16 11:01:07.183,4.294955781
2023-01-16 11:02:07.181,4.295069886
2023-01-16 11:03:07.181,4.295205108
2023-01-16 11:04:07.181,4.295588466
2023-01-16 11:05:07.181,4.29569011
2023-01-16 11:06:07.181,4.295860951
2023-01-16 11:07:07.181,4.29602433
2023-01-16 11:08:07.181,4.296120234
2023-01-16 11:09:07.181,4.296304983
2023-01-16 11:10:07.181,4.296401997
2023-01-16 11:11:07.181,4.296537324
2023-01-16 11:12:07.181,4.296713821
2023-01-16 11:13:07.181,4.296859792
2023-01-16 11:14:07.181,4.297100518
2023-01-16 11:15:07.181,4.297231524
2023-01-16 11:16:07.181,4.297469158
2023-01-16 11:17:07.181,4.29761122
2023-01-16 11:18:07.181,4.297712369
2023-01-16 11:19:07.181,4.297832146
2023-01-16 11:20:07.181,4.297950044
2023-01-16 11:21:07.181,4.328687163
2023-01-16 11:22:07.181,4.367503574
2023-01-16 11:23:07.181,4.36774204
2023-01-16 11:24:07.181,4.367864819
2023-01-16 11:25:07.181,4.367995604
2023-01-16 11:26:07.181,4.368102781
2023-01-16 11:27:07.181,4.368244276
2023-01-16 11:28:07.181,4.368398766
2023-01-16 11:29:07.181,4.368487764
2023-01-16 11:30:07.181,4.368636775
2023-01-16 11:31:07.181,4.368805989
2023-01-16 11:32:07.181,4.368937515
2023-01-16 11:33:07.181,4.369199168
2023-01-16 11:34:07.181,4.369352655
2023-01-16 11:35:07.181,4.369473796
2023-01-16 11:36:07.181,4.369635347
2023-01-16 11:37:07.181,4.369766056
2023-01-16 11:38:07.181,4.369964902
2023-01-16 11:39:07.181,4.370117165
2023-01-16 11:40:07.181,4.370308996
2023-01-16 11:41:07.181,4.370416582
2023-01-16 11:42:07.183,4.370529171
2023-01-16 11:43:07.181,4.370719222
2023-01-16 11:44:07.181,4.370878845
2023-01-16 11:45:07.181,4.37104134
2023-01-16 11:46:07.181,4.371182916
2023-01-16 11:47:07.181,4.371273853
2023-01-16 11:48:07.181,4.371364244
2023-01-16 11:49:07.181,4.371469537
2023-01-16 11:50:07.181,4.371604041
2023-01-16 11:51:07.181,4.371729557
2023-01-16 11:52:07.181,4.371863219
2023-01-16 11:53:07.181,4.371982354
2023-01-16 11:54:07.183,4.37215463
2023-01-16 11:55:07.181,4.372322977
2023-01-16 11:56:07.181,4.37244095
2023-01-16 11:57:07.181,4.372594188
2023-01-16 11:58:07.181,4.372751314
2023-01-16 11:59:07.181,4.372845494
2023-01-16 12:00:07.181,4.372970241
2023-01-16 12:01:07.181,4.373092752
2023-01-16 12:02:07.181,4.373226765
2023-01-16 12:03:07.181,4.373395896
2023-01-16 12:04:07.181,4.373513526
2023-01-16 12:05:07.181,4.373654503
2023-01-16 12:06:07.181,4.373829865
2023-01-16 12:07:07.181,4.374008116
2023-01-16 12:08:07.181,4.374235574
2023-01-16 12:09:07.181,4.374363856
2023-01-16 12:10:07.181,4.374495489
2023-01-16 12:11:07.181,4.374675687
2023-01-16 12:12:07.181,4.374822402
2023-01-16 12:13:07.181,4.374939586
2023-01-16 12:14:07.181,4.375081365
2023-01-16 12:15:07.181,4.375210369
2023-01-16 12:16:07.181,4.37533041
2023-01-16 12:17:07.181,4.375471369
2023-01-16 12:18:07.181,4.37559471
2023-01-16 12:19:07.181,4.375704578
2023-01-16 12:20:07.181,4.375865284
2023-01-16 12:21:07.181,4.376010048
2023-01-16 12:22:07.181,4.376198337
2023-01-16 12:23:07.181,4.376376145
2023-01-16 12:24:07.181,4.376543761
2023-01-16 12:25:07.181,4.376674662
2023-01-16 12:26:07.181,4.376827007
2023-01-16 12:27:07.183,4.376999861
2023-01-16 12:28:07.181,4.377129343
2023-01-16 12:29:07.183,4.377254256
2023-01-16 12:30:07.181,4.377379873
2023-01-16 12:31:07.181,4.377514734
2023-01-16 12:32:07.181,4.377642506
2023-01-16 12:33:07.181,4.37779657
2023-01-16 12:34:07.181,4.37791653
2023-01-16 12:35:07.181,4.378115636
2023-01-16 12:36:07.181,4.378251995
2023-01-16 12:37:07.181,4.378341386
2023-01-16 12:38:07.181,4.378474764
2023-01-16 12:39:07.181,4.378570526
2023-01-16 12:40:07.181,4.378666534
2023-01-16 12:41:07.183,4.378775671
2023-01-16 12:42:07.181,4.378874212
2023-01-16 12:43:07.181,4.379007469
2023-01-16 12:44:07.181,4.379135587
2023-01-16 12:45:07.181,4.379274598
2023-01-16 12:46:07.181,4.380476352
2023-01-16 12:47:07.181,4.380652855
2023-01-16 12:48:07.181,4.380774587
2023-01-16 12:49:07.181,4.380869694
2023-01-16 12:50:07.181,4.381100495
2023-01-16 12:51:07.181,4.381217707
2023-01-16 12:52:07.181,4.381333135
2023-01-16 12:53:07.181,4.381467791
2023-01-16 12:54:07.181,4.381567125
2023-01-16 12:55:07.181,4.381739995
2023-01-16 12:56:07.181,4.381850148
2023-01-16 12:57:07.181,4.381949968
2023-01-16 12:58:07.181,4.382137205
2023-01-16 12:59:07.181,4.382269398
2023-01-16 13:00:07.181,4.38241328
2023-01-16 13:01:07.181,4.382663743
2023-01-16 13:02:07.181,4.382800342
2023-01-16 13:03:07.181,4.382923079
2023-01-16 13:04:07.181,4.383021632
2023-01-16 13:05:07.181,4.383168665
2023-01-16 13:06:07.183,4.383285725
2023-01-16 13:07:07.181,4.383448715
2023-01-16 13:08:07.181,4.383613819
2023-01-16 13:09:07.181,4.383740816
2023-01-16 13:10:07.181,4.383876085
2023-01-16 13:11:07.181,4.383988803
2023-01-16 13:12:07.181,4.384130596
2023-01-16 13:13:07.181,4.384249125
2023-01-16 13:14:07.181,4.384397935
2023-01-16 13:15:07.181,4.384553303
2023-01-16 13:16:07.181,4.38465492
2023-01-16 13:17:07.181,4.384786666
2023-01-16 13:18:07.181,4.384934066
2023-01-16 13:19:07.181,4.385045286
2023-01-16 13:20:07.181,4.385162235
2023-01-16 13:21:07.181,4.38526847
2023-01-16 13:22:07.181,4.38541706
2023-01-16 13:23:07.181,4.385553146
2023-01-16 13:24:07.181,4.385687766
2023-01-16 13:25:07.181,4.385839746
2023-01-16 13:26:07.181,4.385944471
2023-01-16 13:27:07.181,4.386051532
2023-01-16 13:28:07.181,4.386199738
2023-01-16 13:29:07.181,4.386296111
2023-01-16 13:30:07.181,4.386489281
2023-01-16 13:31:07.181,4.386612425
2023-01-16 13:32:07.181,4.386747426
2023-01-16 13:33:07.181,4.387041685
2023-01-16 13:34:07.181,4.387202795
2023-01-16 13:35:07.181,4.387409322
2023-01-16 13:36:07.181,4.387591555
2023-01-16 13:37:07.181,4.387734226
2023-01-16 13:38:07.181,4.387842196
2023-01-16 13:39:07.181,4.387963649
2023-01-16 13:40:07.181,4.38808483
2023-01-16 13:41:07.181,4.388214864
2023-01-16 13:42:07.181,4.388395691
2023-01-16 13:43:07.181,4.3885254
2023-01-16 13:44:07.181,4.38868692
2023-01-16 13:45:07.183,4.388831751
2023-01-16 13:46:07.181,4.38896229
2023-01-16 13:47:07.181,4.389121247
2023-01-16 13:48:07.184,4.389281958
2023-01-16 13:49:07.181,4.389507337
2023-01-16 13:50:07.181,4.38961213
2023-01-16 13:51:07.181,4.389708643
2023-01-16 13:52:07.181,4.389793617
2023-01-16 13:53:07.181,4.389959259
2023-01-16 13:54:07.181,4.390064742
2023-01-16 13:55:07.181,4.3901823
2023-01-16 13:56:07.181,4.390343085
2023-01-16 13:57:07.181,4.390461157
2023-01-16 13:58:07.181,4.390555587
2023-01-16 13:59:07.181,4.390682181
2023-01-16 14:00:07.181,4.390867107
2023-01-16 14:01:07.181,4.391011463
2023-01-16 14:02:07.181,4.391194251
2023-01-16 14:03:07.181,4.391339391
2023-01-16 14:04:07.181,4.391451774
2023-01-16 14:05:07.181,4.391559886
2023-01-16 14:06:07.181,4.391724205
2023-01-16 14:07:07.181,4.391881932
2023-01-16 14:08:07.181,4.391999783
2023-01-16 14:09:07.181,4.392142429
2023-01-16 14:10:07.181,4.392296549
2023-01-16 14:11:07.181,4.392408303
2023-01-16 14:12:07.181,4.392521786
2023-01-16 14:13:07.181,4.392630267
2023-01-16 14:14:07.181,4.392746138
2023-01-16 14:15:07.181,4.392896714
2023-01-16 14:16:07.181,4.393047331
2023-01-16 14:17:07.181,4.393222743
2023-01-16 14:18:07.181,4.393353835
2023-01-16 14:19:07.181,4.393455044
2023-01-16 14:20:07.181,4.393551664
2023-01-16 14:21:07.181,4.393701996
2023-01-16 14:22:07.181,4.393817988
2023-01-16 14:23:07.181,4.393940354
2023-01-16 14:24:07.181,4.394053323
2023-01-16 14:25:07.181,4.394177453
2023-01-16 14:26:07.181,4.394292362
2023-01-16 14:27:07.181,4.394437784
2023-01-16 14:28:07.181,4.394607993
2023-01-16 14:29:07.181,4.394742346
2023-01-16 14:30:07.181,4.394882135
2023-01-16 14:31:07.181,4.395144362
2023-01-16 14:32:07.183,4.395240193
2023-01-16 14:33:07.181,4.395374004
2023-01-16 14:34:07.181,4.395487705
2023-01-16 14:35:07.181,4.395623739
2023-01-16 14:36:07.181,4.395804026
2023-01-16 14:37:07.181,4.39607847
2023-01-16 14:38:07.181,4.396182592
2023-01-16 14:39:07.181,4.396311266
2023-01-16 14:40:07.181,4.396433209
2023-01-16 14:41:07.184,4.396584963
2023-01-16 14:42:07.181,4.396787408
2023-01-16 14:43:07.181,4.396913363
2023-01-16 14:44:07.181,4.397044552
2023-01-16 14:45:07.181,4.39715492
2023-01-16 14:46:07.181,4.397293891
2023-01-16 14:47:07.181,4.397475018
2023-01-16 14:48:07.181,4.39761216
2023-01-16 14:49:07.181,4.397732193
2023-01-16 14:50:07.181,4.397852101
2023-01-16 14:51:07.181,4.398084294
2023-01-16 14:52:07.181,4.398219346
2023-01-16 14:53:07.181,4.398352174
2023-01-16 14:54:07.181,4.398537691
2023-01-16 14:55:07.181,4.398660788
2023-01-16 14:56:07.181,4.39887322
2023-01-16 14:57:07.181,4.398973433
2023-01-16 14:58:07.181,4.399149474
2023-01-16 14:59:07.181,4.399256326
2023-01-16 15:00:07.181,4.399412384
2023-01-16 15:01:07.183,4.399586585
2023-01-16 15:02:07.181,4.399697889
2023-01-16 15:03:07.181,4.399905959
2023-01-16 15:04:07.181,4.400030123
2023-01-16 15:05:07.181,4.400146669
2023-01-16 15:06:07.181,4.400256263
2023-01-16 15:07:07.181,4.400394189
2023-01-16 15:08:07.181,4.400565546
2023-01-16 15:09:07.181,4.400680313
2023-01-16 15:10:07.181,4.400791028
2023-01-16 15:11:07.181,4.400940653
2023-01-16 15:12:07.181,4.40112811
2023-01-16 15:13:07.181,4.401238547
2023-01-16 15:14:07.181,4.401432618
2023-01-16 15:15:07.181,4.401637916
2023-01-16 15:16:07.181,4.401780424
2023-01-16 15:17:07.181,4.401874087
2023-01-16 15:18:07.181,4.402016398
2023-01-16 15:19:07.181,4.402099577
2023-01-16 15:20:07.181,4.402264045
2023-01-16 15:21:07.181,4.402418516
2023-01-16 15:22:07.181,4.402585076
2023-01-16 15:23:07.181,4.402695207
2023-01-16 15:24:07.181,4.402815448
2023-01-16 15:25:07.181,4.402971103
2023-01-16 15:26:07.181,4.403129823
2023-01-16 15:27:07.181,4.403238995
2023-01-16 15:28:07.181,4.403356513
2023-01-16 15:29:07.181,4.403503147
2023-01-16 15:30:07.181,4.403603072
2023-01-16 15:31:07.181,4.403810745
2023-01-16 15:32:07.181,4.403964506
2023-01-16 15:33:07.181,4.404079682
2023-01-16 15:34:07.181,4.404237058
2023-01-16 15:35:07.181,4.40447236
2023-01-16 15:36:07.183,4.404682628
2023-01-16 15:37:07.181,4.404793457
2023-01-16 15:38:07.181,4.40492688
2023-01-16 15:39:07.181,4.405027929
2023-01-16 15:40:07.181,4.405131821
2023-01-16 15:41:07.181,4.405308645
2023-01-16 15:42:07.181,4.405437209
2023-01-16 15:43:07.181,4.405563387
2023-01-16 15:44:07.181,4.405718476
2023-01-16 15:45:07.181,4.405816109
2023-01-16 15:46:07.181,4.405990688
2023-01-16 15:47:07.181,4.406111396
2023-01-16 15:48:07.181,4.406243784
2023-01-16 15:49:07.181,4.406382462
2023-01-16 15:50:07.181,4.406548801
2023-01-16 15:51:07.181,4.40667794
2023-01-16 15:52:07.181,4.406837465
2023-01-16 15:53:07.181,4.406971306
2023-01-16 15:54:07.183,4.407083396
2023-01-16 15:55:07.181,4.407187817
2023-01-16 15:56:07.181,4.40727999
2023-01-16 15:57:07.181,4.407402319
2023-01-16 15:58:07.181,4.407562144
2023-01-16 15:59:07.181,4.407749367
2023-01-16 16:00:07.181,4.407903221
2023-01-16 16:01:07.181,4.408029337
2023-01-16 16:02:07.181,4.408163848
2023-01-16 16:03:07.181,4.4082873
2023-01-16 16:04:07.181,4.408434006
2023-01-16 16:05:07.181,4.408543933
2023-01-16 16:06:07.181,4.408701734
2023-01-16 16:07:07.181,4.4088211
2023-01-16 16:08:07.181,4.408932058
2023-01-16 16:09:07.181,4.409037198
2023-01-16 16:10:07.181,4.409188411
2023-01-16 16:11:07.181,4.409347386
2023-01-16 16:12:07.181,4.409494245
2023-01-16 16:13:07.181,4.40963739
2023-01-16 16:14:07.183,4.409755063
2023-01-16 16:15:07.181,4.409937238
2023-01-16 16:16:07.181,4.410133749
2023-01-16 16:17:07.181,4.41027578
2023-01-16 16:18:07.181,4.410426885
2023-01-16 16:19:07.181,4.410619255
2023-01-16 16:20:07.181,4.410750325
2023-01-16 16:21:07.181,4.41085789
2023-01-16 16:22:07.181,4.410983103
2023-01-16 16:23:07.181,4.411101791
2023-01-16 16:24:07.181,4.411235564
2023-01-16 16:25:07.181,4.411424517
2023-01-16 16:26:07.181,4.411590378
2023-01-16 16:27:07.181,4.411781663
2023-01-16 16:28:07.181,4.411905294
2023-01-16 16:29:07.181,4.412105336
2023-01-16 16:30:07.181,4.412207393
2023-01-16 16:31:07.181,4.412344616
2023-01-16 16:32:07.181,4.412484397
2023-01-16 16:33:07.181,4.412625743
2023-01-16 16:34:07.181,4.412782143
2023-01-16 16:35:07.181,4.412914461
2023-01-16 16:36:07.181,4.413029252
2023-01-16 16:37:07.181,4.41319069
2023-01-16 16:38:07.181,4.413356333
2023-01-16 16:39:07.181,4.413487626
2023-01-16 16:40:07.181,4.413655838
2023-01-16 16:41:07.181,4.413831038
2023-01-16 16:42:07.181,4.413972801
2023-01-16 16:43:07.181,4.414091347
2023-01-16 16:44:07.181,4.41424147
2023-01-16 16:45:07.181,4.414374036
2023-01-16 16:46:07.181,4.414496623
2023-01-16 16:47:07.181,4.414638463
2023-01-16 16:48:07.181,4.414885104
2023-01-16 16:49:07.181,4.41502777
2023-01-16 16:50:07.181,4.415163102
2023-01-16 16:51:07.181,4.415271422
2023-01-16 16:52:07.181,4.415369524
2023-01-16 16:53:07.181,4.415502087
2023-01-16 16:54:07.181,4.415666147
2023-01-16 16:55:07.181,4.415849641
2023-01-16 16:56:07.181,4.41596487
2023-01-16 16:57:07.181,4.416181171
2023-01-16 16:58:07.181,4.41632722
2023-01-16 16:59:07.181,4.416585367
2023-01-16 17:00:07.181,4.416678628
2023-01-16 17:01:07.181,4.416792143
2023-01-16 17:02:07.181,4.417039069
2023-01-16 17:03:07.184,4.417151231
2023-01-16 17:04:07.181,4.41729094
2023-01-16 17:05:07.181,4.417420167
2023-01-16 17:06:07.181,4.4175423
2023-01-16 17:07:07.183,4.41773797
2023-01-16 17:08:07.181,4.417843284
2023-01-16 17:09:07.181,4.417965991
2023-01-16 17:10:07.181,4.418063367
2023-01-16 17:11:07.181,4.418176927
2023-01-16 17:12:07.181,4.418310634
2023-01-16 17:13:07.181,4.418455443
2023-01-16 17:14:07.181,4.418584065
2023-01-16 17:15:07.181,4.418776198
2023-01-16 17:16:07.181,4.418980566
2023-01-16 17:17:07.181,4.419139324
2023-01-16 17:18:07.181,4.419227943
2023-01-16 17:19:07.181,4.419339561
2023-01-16 17:20:07.181,4.419458535
2023-01-16 17:21:07.181,4.419657189
2023-01-16 17:22:07.181,4.419839905
2023-01-16 17:23:07.181,4.419960054
2023-01-16 17:24:07.181,4.420148596
2023-01-16 17:25:07.181,4.420252957
2023-01-16 17:26:07.181,4.420367598
2023-01-16 17:27:07.181,4.420558234
2023-01-16 17:28:07.181,4.420717137
2023-01-16 17:29:07.181,4.42090329
2023-01-16 17:30:07.181,4.421099541
2023-01-16 17:31:07.181,4.421225512
2023-01-16 17:32:07.181,4.421319177
2023-01-16 17:33:07.181,4.421475037
2023-01-16 17:34:07.181,4.421619678
2023-01-16 17:35:07.181,4.421806935
2023-01-16 17:36:07.181,4.421925715
2023-01-16 17:37:07.181,4.422048834
2023-01-16 17:38:07.181,4.422217543
2023-01-16 17:39:07.181,4.422384972
2023-01-16 17:40:07.181,4.422528701
2023-01-16 17:41:07.181,4.422632433
2023-01-16 17:42:07.183,4.422751928
2023-01-16 17:43:07.181,4.422891223
2023-01-16 17:44:07.181,4.422997517
2023-01-16 17:45:07.181,4.423158192
2023-01-16 17:46:07.181,4.423287525
2023-01-16 17:47:07.181,4.423383032
2023-01-16 17:48:07.181,4.423543051
2023-01-16 17:49:07.181,4.423713896
2023-01-16 17:50:07.181,4.423833988
2023-01-16 17:51:07.181,4.423941702
2023-01-16 17:52:07.181,4.424072708
2023-01-16 17:53:07.181,4.424187019
2023-01-16 17:54:07.181,4.424288516
2023-01-16 17:55:07.181,4.424488021
2023-01-16 17:56:07.181,4.424646997
2023-01-16 17:57:07.181,4.424768892
2023-01-16 17:58:07.181,4.42486694
2023-01-16 17:59:07.181,4.425020556
2023-01-16 18:00:07.181,4.425212349
2023-01-16 18:01:07.181,4.425346161
2023-01-16 18:02:07.185,4.425459533
2023-01-16 18:03:07.181,4.425583468
2023-01-16 18:04:07.181,4.425743036
2023-01-16 18:05:07.181,4.425833722
2023-01-16 18:06:07.181,4.426055005
2023-01-16 18:07:07.181,4.426168183
2023-01-16 18:08:07.181,4.426308709
2023-01-16 18:09:07.181,4.426409106
2023-01-16 18:10:07.181,4.426555157
2023-01-16 18:11:07.183,4.426697105
2023-01-16 18:12:07.181,4.426849163
2023-01-16 18:13:07.184,4.42702225
2023-01-16 18:14:07.181,4.427206514
